Rk,Squad,MP,W,D,L,GF,GA,GD,Pts,Pts/MP,Attendance,Top Team Scorer,Goalkeeper,Notes,season,league_name,league_id,xG,xGA,xGD,xGD/90,Last 5
1,Cruzeiro,38,24,8,6,67,38,29,80,2.11,29678.0,"Marcelo Martins Moreno, Ricardo Goulart - 15",Fábio,→ Copa Libertadores via league finish,2014,brasileirao,24,,,,,
2,São Paulo,38,20,10,8,59,40,19,70,1.84,28544.0,"Luís Fabiano, Alexandre Pato - 9",Rogério Ceni,→ Copa Libertadores via league finish,2014,brasileirao,24,,,,,
3,Internacional,38,21,6,11,53,41,12,69,1.82,22318.0,Rafael Moura - 8,Dida,→ Copa Libertadores via league finish,2014,brasileirao,24,,,,,
4,Corinthians,38,19,12,7,49,31,18,69,1.82,29013.0,Paolo Guerrero - 12,Cássio,→ Copa Libertadores via league finish,2014,brasileirao,24,,,,,
5,Atlético Mineiro,38,17,11,10,51,38,13,62,1.63,14132.0,Diego Tardelli - 10,Victor Leandro Bagy,→ Copa Libertadores via cup win 1,2014,brasileirao,24,,,,,
6,Fluminense,38,17,10,11,61,42,19,61,1.61,21272.0,Fred - 18,Diego Cavalieri,,2014,brasileirao,24,,,,,
7,Grêmio,38,17,10,11,36,24,12,61,1.61,21028.0,Hernán Barcos - 14,Marcelo Grohe,,2014,brasileirao,24,,,,,
8,Ath Paranaense,38,15,9,14,43,42,1,54,1.42,12237.0,Cléo - 9,Wéverton,,2014,brasileirao,24,,,,,
9,Santos,38,15,8,15,42,35,7,53,1.39,9243.0,Gabriel Barbosa - 8,Aranha,,2014,brasileirao,24,,,,,
10,Flamengo,38,14,10,14,46,47,-1,52,1.37,30519.0,Eduardo da Silva - 8,Paulo Victor Vidotti,,2014,brasileirao,24,,,,,
11,Sport Recife,38,14,10,14,36,46,-10,52,1.37,18220.0,Patric Cabral Lalau - 7,Magrão,,2014,brasileirao,24,,,,,
12,Goiás,38,13,8,17,38,40,-2,47,1.24,6958.0,Erik Lima - 12,Renan Brito Soares,,2014,brasileirao,24,,,,,
13,Figueirense,38,13,8,17,37,47,-10,47,1.24,8378.0,Everaldo Stum - 6,Tiago Volpi,,2014,brasileirao,24,,,,,
14,Coritiba,38,12,11,15,42,45,-3,47,1.24,11865.0,Diederrick Joel - 8,Vanderlei,,2014,brasileirao,24,,,,,
15,Chapecoense,38,11,10,17,39,44,-5,43,1.13,9994.0,Leandro Pereira - 10,Danilo,,2014,brasileirao,24,,,,,
16,Palmeiras,38,11,7,20,34,59,-25,40,1.05,19755.0,Henrique Dourado - 13,Fábio Szymonek,,2014,brasileirao,24,,,,,
17,Vitória,38,10,8,20,37,54,-17,38,1.0,10267.0,Dinei - 9,Wilson,Relegated,2014,brasileirao,24,,,,,
18,Bahia,38,9,10,19,31,43,-12,37,0.97,12579.0,Kieza - 6,Marcelo Lomba,Relegated,2014,brasileirao,24,,,,,
19,Botafogo (RJ),38,9,7,22,31,48,-17,34,0.89,12483.0,"Pablo Zeballos, Emerson Sheik - 6",Jefferson,Relegated,2014,brasileirao,24,,,,,
20,Criciúma,38,7,11,20,28,56,-28,32,0.84,9104.0,Lucca - 5,Bruno Brigido,Relegated,2014,brasileirao,24,,,,,
1,Corinthians,38,24,9,5,71,31,40,81,2.13,34150.0,Vágner Love - 14,Cássio,→ Copa Libertadores via league finish,2015,brasileirao,24,,,,,
2,Atlético Mineiro,38,21,6,11,65,47,18,69,1.82,23632.0,Lucas Pratto - 13,Victor Leandro Bagy,→ Copa Libertadores via league finish,2015,brasileirao,24,,,,,
3,Grêmio,38,20,8,10,52,32,20,68,1.79,26092.0,Luan Vieira - 10,Marcelo Grohe,→ Copa Libertadores via league finish,2015,brasileirao,24,,,,,
4,São Paulo,38,18,8,12,53,47,6,62,1.63,21361.0,Alexandre Pato - 10,Rogério Ceni,→ Copa Libertadores via league finish,2015,brasileirao,24,,,,,
5,Internacional,38,17,9,12,39,38,1,60,1.58,19910.0,Vitinho - 11,Alisson,,2015,brasileirao,24,,,,,
6,Sport Recife,38,15,14,9,53,38,15,59,1.55,16237.0,André - 13,Danilo Fernandes,,2015,brasileirao,24,,,,,
7,Santos,38,16,10,12,59,41,18,58,1.53,8744.0,Ricardo Oliveira - 20,Vanderlei,,2015,brasileirao,24,,,,,
8,Cruzeiro,38,15,10,13,44,35,9,55,1.45,21728.0,Willian - 11,Fábio,,2015,brasileirao,24,,,,,
9,Palmeiras,38,15,8,15,60,51,9,53,1.39,29586.0,Dudu - 10,Fernando Prass,→ Copa Libertadores via cup win 1,2015,brasileirao,24,,,,,
10,Ath Paranaense,38,14,9,15,43,48,-5,51,1.34,16675.0,Walter - 9,Wéverton,,2015,brasileirao,24,,,,,
11,Ponte Preta,38,13,12,13,41,40,1,51,1.34,6251.0,Biro Biro - 7,Marcelo Lomba,,2015,brasileirao,24,,,,,
12,Flamengo,38,15,4,19,45,53,-8,49,1.29,34436.0,Alan Patrick - 7,Paulo Victor Vidotti,,2015,brasileirao,24,,,,,
13,Fluminense,38,14,5,19,40,49,-9,47,1.24,19029.0,Fred - 9,Diego Cavalieri,,2015,brasileirao,24,,,,,
14,Chapecoense,38,12,11,15,34,44,-10,47,1.24,9055.0,Bruno Rangel - 9,Danilo,,2015,brasileirao,24,,,,,
15,Coritiba,38,11,11,16,31,42,-11,44,1.16,13427.0,Henrique Almeida - 12,Wilson,,2015,brasileirao,24,,,,,
16,Figueirense,38,11,10,17,36,50,-14,43,1.13,8746.0,Clayton - 7,Alex Muralha,,2015,brasileirao,24,,,,,
17,Avaí,38,11,9,18,38,60,-22,42,1.11,8492.0,André Lima - 10,Vagner,Relegated,2015,brasileirao,24,,,,,
18,Vasco da Gama,38,10,11,17,28,54,-26,41,1.08,14623.0,Nenê - 9,Martín Silva,Relegated,2015,brasileirao,24,,,,,
19,Goiás,38,10,8,20,39,49,-10,38,1.0,7969.0,Erik Lima - 10,Renan Brito Soares,Relegated,2015,brasileirao,24,,,,,
20,Joinville,38,7,10,21,26,48,-22,31,0.82,9366.0,Kempes - 6,Agenor Detofol,Relegated,2015,brasileirao,24,,,,,
1,Palmeiras,38,24,8,6,62,32,30,80,2.11,32467.0,Gabriel Jesus - 12,Jailson,→ Copa Libertadores via league finish,2016,brasileirao,24,,,,,
2,Santos,38,22,5,11,59,35,24,71,1.87,11809.0,Ricardo Oliveira - 11,Vanderlei,→ Copa Libertadores via league finish,2016,brasileirao,24,,,,,
3,Flamengo,38,20,11,7,52,35,17,71,1.87,26424.0,Paolo Guerrero - 9,Alex Muralha,→ Copa Libertadores via league finish,2016,brasileirao,24,,,,,
4,Atlético Mineiro,37,17,11,9,61,50,11,62,1.68,19231.0,"Fred, Robinho - 12",Victor Leandro Bagy,→ Copa Libertadores via league finish,2016,brasileirao,24,,,,,
5,Botafogo (RJ),38,17,8,13,43,39,4,59,1.55,7929.0,Sassá - 12,Sidão,→ Copa Libertadores via league finish,2016,brasileirao,24,,,,,
6,Ath Paranaense,38,17,6,15,38,32,6,57,1.5,14926.0,Pablo - 9,Wéverton,→ Copa Libertadores via league finish,2016,brasileirao,24,,,,,
7,Corinthians,38,15,10,13,48,42,6,55,1.45,28820.0,"Guilherme, Marlone - 6",Cássio,→ Copa Sudamericana via league finish,2016,brasileirao,24,,,,,
8,Grêmio,38,14,11,13,41,44,-3,53,1.39,20448.0,Luan Vieira - 6,Marcelo Grohe,→ Copa Libertadores via cup win 1,2016,brasileirao,24,,,,,
9,Ponte Preta,38,15,8,15,48,52,-4,53,1.39,5702.0,William Pottker - 14,Aranha,→ Copa Sudamericana via league finish,2016,brasileirao,24,,,,,
10,São Paulo,38,14,10,14,44,36,8,52,1.37,22553.0,Andrés Chávez - 9,Denis,→ Copa Sudamericana via league finish,2016,brasileirao,24,,,,,
11,Chapecoense,37,13,13,11,49,53,-4,52,1.41,7211.0,Bruno Rangel - 10,Danilo,→ Copa Libertadores,2016,brasileirao,24,,,,,
12,Cruzeiro,38,14,9,15,48,49,-1,51,1.34,21085.0,Giorgian De Arrascaeta - 9,Fábio,→ Copa Sudamericana via league finish,2016,brasileirao,24,,,,,
13,Fluminense,38,13,11,14,45,45,0,50,1.32,10241.0,Cícero Santos - 9,Diego Cavalieri,→ Copa Sudamericana via league finish,2016,brasileirao,24,,,,,
14,Sport Recife,38,13,8,17,49,55,-6,47,1.24,15706.0,Diego Souza - 14,Magrão,→ Copa Sudamericana via league finish,2016,brasileirao,24,,,,,
15,Coritiba,38,11,13,14,41,42,-1,46,1.21,9894.0,Kléber - 9,Wilson,,2016,brasileirao,24,,,,,
16,Vitória,38,12,9,17,51,53,-2,45,1.18,13997.0,Marinho - 12,Fernando Miguel,,2016,brasileirao,24,,,,,
17,Internacional,38,11,10,17,35,41,-6,43,1.13,25838.0,Vitinho - 8,Danilo Fernandes,Relegated,2016,brasileirao,24,,,,,
18,Figueirense,38,8,13,17,30,50,-20,37,0.97,6628.0,Rafael Moura - 8,Gatito Fernández,Relegated,2016,brasileirao,24,,,,,
19,Santa Cruz,38,8,7,23,45,69,-24,31,0.82,9856.0,Grafite - 13,Tiago Cardoso,Relegated,2016,brasileirao,24,,,,,
20,América (MG),38,7,7,24,23,58,-35,28,0.74,4301.0,Danilo Barcelos - 4,João Ricardo Riedi,Relegated,2016,brasileirao,24,,,,,
1,Corinthians,38,21,9,8,50,30,20,72,1.89,38052.0,Jô - 18,Cássio,→ Copa Libertadores via league finish,2017,brasileirao,24,,,,,
2,Palmeiras,38,19,6,13,61,45,16,63,1.66,28520.0,Dudu - 9,Fernando Prass,→ Copa Libertadores via league finish,2017,brasileirao,24,,,,,
3,Santos,38,17,12,9,42,32,10,63,1.66,12304.0,"Ricardo Oliveira, Bruno Henrique - 8",Vanderlei,→ Copa Libertadores via league finish,2017,brasileirao,24,,,,,
4,Grêmio,38,18,8,12,55,36,19,62,1.63,19921.0,Fernandinho - 9,Marcelo Grohe,→ Copa Libertadores,2017,brasileirao,24,,,,,
5,Cruzeiro,38,15,12,11,47,39,8,57,1.5,17369.0,Thiago Neves - 11,Fábio,→ Copa Libertadores via cup win 1,2017,brasileirao,24,,,,,
6,Flamengo,38,15,11,12,49,38,11,56,1.47,16486.0,Diego - 10,Diego Alves,→ Copa Libertadores via league finish,2017,brasileirao,24,,,,,
7,Vasco da Gama,38,15,11,12,40,47,-7,56,1.47,13994.0,"Luís Fabiano, Nenê - 5",Martín Silva,→ Copa Libertadores via league finish,2017,brasileirao,24,,,,,
8,Chapecoense,38,15,9,14,47,49,-2,54,1.42,10188.0,Wellington Paulista - 9,Jandrei,→ Copa Libertadores via league finish,2017,brasileirao,24,,,,,
9,Atlético Mineiro,38,14,12,12,52,49,3,54,1.42,15850.0,Fred - 12,Victor Leandro Bagy,→ Copa Sudamericana via league finish,2017,brasileirao,24,,,,,
10,Botafogo (RJ),38,14,11,13,45,42,3,53,1.39,11661.0,Roger - 10,Gatito Fernández,→ Copa Sudamericana via league finish,2017,brasileirao,24,,,,,
11,Ath Paranaense,38,14,9,15,45,43,2,51,1.34,13856.0,Sidcley - 6,Wéverton,→ Copa Sudamericana via league finish,2017,brasileirao,24,,,,,
12,Bahia,38,13,11,14,50,48,2,50,1.32,21541.0,Edigar Junio - 12,Jean,→ Copa Sudamericana via league finish,2017,brasileirao,24,,,,,
13,São Paulo,38,13,11,14,48,49,-1,50,1.32,35880.0,Hernanes - 9,Renan Ribeiro,→ Copa Sudamericana via league finish,2017,brasileirao,24,,,,,
14,Fluminense,38,11,14,13,50,53,-3,47,1.24,16253.0,Henrique Dourado - 18,Júlio César,→ Copa Sudamericana via league finish,2017,brasileirao,24,,,,,
15,Sport Recife,38,12,9,17,46,58,-12,45,1.18,14457.0,André - 16,Magrão,,2017,brasileirao,24,,,,,
16,Vitória,38,11,10,17,50,58,-8,43,1.13,11079.0,Santiago Tréllez - 10,Fernando Miguel,,2017,brasileirao,24,,,,,
17,Coritiba,38,11,10,17,42,51,-9,43,1.13,13946.0,Henrique Almeida - 7,Wilson,Relegated,2017,brasileirao,24,,,,,
18,Avaí,38,10,13,15,29,48,-19,43,1.13,7801.0,Junior Dutra - 9,Douglas Friedrich,Relegated,2017,brasileirao,24,,,,,
19,Ponte Preta,38,10,9,19,37,52,-15,39,1.03,6632.0,Lucca - 13,Aranha,Relegated,2017,brasileirao,24,,,,,
20,Atl Goianiense,38,9,9,20,38,56,-18,36,0.95,6434.0,Luiz Fernando - 9,Felipe Garcia,Relegated,2017,brasileirao,24,,,,,
1,Palmeiras,38,23,11,4,64,26,38,80,2.11,32965.0,Willian - 10,Wéverton,→ Copa Libertadores via league finish,2018,brasileirao,24,,,,,
2,Flamengo,38,21,9,8,59,29,30,72,1.89,51114.0,Lucas Paquetá - 10,Diego Alves,→ Copa Libertadores via league finish,2018,brasileirao,24,,,,,
3,Internacional,38,19,12,7,51,29,22,69,1.82,28632.0,Nicolás López - 11,Marcelo Lomba,→ Copa Libertadores via league finish,2018,brasileirao,24,,,,,
4,Grêmio,38,18,12,8,48,27,21,66,1.74,22261.0,Everton Soares - 10,Paulo Victor Vidotti,→ Copa Libertadores via league finish,2018,brasileirao,24,,,,,
5,São Paulo,38,16,15,7,46,34,12,63,1.66,34321.0,Diego Souza - 12,Sidão,→ Copa Libertadores via league finish,2018,brasileirao,24,,,,,
6,Atlético Mineiro,38,17,8,13,56,43,13,59,1.55,18500.0,Ricardo Oliveira - 13,Victor Leandro Bagy,→ Copa Libertadores via league finish,2018,brasileirao,24,,,,,
7,Ath Paranaense,38,16,9,13,54,37,17,57,1.5,10917.0,Pablo - 12,Santos,,2018,brasileirao,24,,,,,
8,Cruzeiro,38,14,11,13,34,34,0,53,1.39,19370.0,Giorgian De Arrascaeta - 6,Fábio,→ Copa Libertadores via cup win 1,2018,brasileirao,24,,,,,
9,Botafogo (RJ),38,13,12,13,38,46,-8,51,1.34,12734.0,Kieza - 7,Saulo,→ Copa Sudamericana via league finish,2018,brasileirao,24,,,,,
10,Santos,38,13,11,14,46,40,6,50,1.32,11793.0,Gabriel Barbosa - 18,Vanderlei,→ Copa Sudamericana via league finish,2018,brasileirao,24,,,,,
11,Bahia,38,12,12,14,39,41,-2,48,1.26,19334.0,Gilberto - 8,Douglas Friedrich,→ Copa Sudamericana via league finish,2018,brasileirao,24,,,,,
12,Fluminense,38,12,9,17,32,46,-14,45,1.18,15503.0,Pedro - 10,Júlio César,→ Copa Sudamericana via league finish,2018,brasileirao,24,,,,,
13,Corinthians,38,11,11,16,34,35,-1,44,1.16,31367.0,Ángel Romero - 6,Cássio,→ Copa Sudamericana via league finish,2018,brasileirao,24,,,,,
14,Chapecoense,38,11,11,16,34,50,-16,44,1.16,10013.0,Leandro Pereira - 11,Jandrei,→ Copa Sudamericana via league finish,2018,brasileirao,24,,,,,
15,Ceará,38,10,14,14,32,38,-6,44,1.16,28783.0,Arthur Cabral - 7,Éverson,,2018,brasileirao,24,,,,,
16,Vasco da Gama,38,10,13,15,41,48,-7,43,1.13,14795.0,Yago Pikachu - 10,Martín Silva,,2018,brasileirao,24,,,,,
17,Sport Recife,38,11,9,18,35,57,-22,42,1.11,16215.0,Gabriel - 5,Magrão,Relegated,2018,brasileirao,24,,,,,
18,América (MG),38,10,10,18,30,47,-17,40,1.05,6619.0,Rafael Moura - 7,João Ricardo Riedi,Relegated,2018,brasileirao,24,,,,,
19,Vitória,38,9,10,19,36,63,-27,37,0.97,9217.0,Neílton - 7,Ronaldo,Relegated,2018,brasileirao,24,,,,,
20,Paraná,38,4,11,23,18,57,-39,23,0.61,6223.0,Alex Santana - 4,Richard,Relegated,2018,brasileirao,24,,,,,
1,Flamengo,38,28,6,4,86,37,49,90,2.37,58809.0,Gabriel Barbosa - 25,Diego Alves,,2019,brasileirao,24,81.6,42.8,38.8,1.02,
2,Santos,38,22,8,8,60,33,27,74,1.95,10388.0,Eduardo Sasha - 14,Éverson,→ Copa Libertadores via league finish,2019,brasileirao,24,62.1,39.8,22.3,0.59,
3,Palmeiras,38,21,11,6,61,32,29,74,1.95,28413.0,Bruno Henrique - 10,Wéverton,→ Copa Libertadores via league finish,2019,brasileirao,24,59.7,33.3,26.5,0.7,
4,Grêmio,38,19,8,11,64,39,25,65,1.71,16751.0,Everton Soares - 11,Paulo Victor Vidotti,→ Copa Libertadores via league finish,2019,brasileirao,24,57.0,42.4,14.6,0.39,
5,Ath Paranaense,38,18,10,10,51,32,19,64,1.68,15449.0,Marcelo Cirino - 9,Santos,,2019,brasileirao,24,64.0,49.8,14.2,0.37,
6,São Paulo,38,17,12,9,39,30,9,63,1.66,29624.0,Vitor Bueno - 6,Tiago Volpi,→ Copa Libertadores via league finish,2019,brasileirao,24,44.1,42.3,1.9,0.05,
7,Internacional,38,16,9,13,44,39,5,57,1.5,20651.0,Paolo Guerrero - 10,Marcelo Lomba,→ Copa Libertadores via league finish,2019,brasileirao,24,53.0,47.5,5.5,0.15,
8,Corinthians,38,14,14,10,42,34,8,56,1.47,32894.0,Mauro Boselli - 7,Cássio,→ Copa Libertadores via league finish,2019,brasileirao,24,42.4,42.8,-0.5,-0.01,
9,Fortaleza,38,15,8,15,50,49,1,53,1.39,33661.0,Wellington Paulista - 13,Felipe Alves Raymundo,→ Copa Sudamericana via league finish,2019,brasileirao,24,50.0,62.1,-12.0,-0.32,
10,Goiás,38,15,7,16,46,64,-18,52,1.37,14935.0,"Rafael Moura, Michael - 9",Tadeu,→ Copa Sudamericana via league finish,2019,brasileirao,24,47.2,63.4,-16.2,-0.43,
11,Bahia,38,12,13,13,44,43,1,49,1.29,26674.0,Gilberto - 14,Douglas Friedrich,→ Copa Sudamericana via league finish,2019,brasileirao,24,51.7,47.4,4.3,0.11,
12,Vasco da Gama,38,12,13,13,39,45,-6,49,1.29,21092.0,Yago Pikachu - 5,Fernando Miguel,→ Copa Sudamericana via league finish,2019,brasileirao,24,56.7,53.8,2.9,0.08,
13,Atlético Mineiro,38,13,9,16,45,49,-4,48,1.26,19044.0,Juan Cazares - 6,Cleiton Schwengber,→ Copa Sudamericana via league finish,2019,brasileirao,24,59.5,50.3,9.2,0.24,
14,Fluminense,38,12,10,16,38,46,-8,46,1.21,21483.0,Yony González - 6,Muriel Becker,→ Copa Sudamericana via league finish,2019,brasileirao,24,54.6,53.0,1.6,0.04,
15,Botafogo (RJ),38,13,4,21,31,45,-14,43,1.13,17425.0,Diego Souza - 7,Gatito Fernández,,2019,brasileirao,24,37.9,62.9,-24.9,-0.66,
16,Ceará,38,10,9,19,36,41,-5,39,1.03,26742.0,Thiago Galhardo - 12,Diogo Silva,,2019,brasileirao,24,48.7,53.4,-4.7,-0.12,
17,Cruzeiro,38,7,15,16,27,46,-19,36,0.95,27049.0,Thiago Neves - 6,Fábio,Relegated,2019,brasileirao,24,46.5,51.4,-4.8,-0.13,
18,CSA,38,8,8,22,24,58,-34,32,0.84,12015.0,Jonathan David Gómez - 5,Jordi Almeida,Relegated,2019,brasileirao,24,34.6,64.1,-29.5,-0.78,
19,Chapecoense,38,7,11,20,31,52,-21,32,0.84,7430.0,Everaldo Stum - 13,Tiepo,Relegated,2019,brasileirao,24,41.7,67.7,-26.0,-0.68,
20,Avaí,38,3,11,24,18,62,-44,20,0.53,8338.0,João Paulo Alves - 5,Vladimir,Relegated,2019,brasileirao,24,34.8,57.9,-23.1,-0.61,
1,Flamengo,38,21,8,9,68,48,20,71,1.87,,Gabriel Barbosa - 14,Hugo Souza,→ Copa Libertadores via league finish,2020,brasileirao,24,78.4,35.2,43.2,1.14,
2,Internacional,38,20,10,8,61,35,26,70,1.84,,Thiago Galhardo - 17,Marcelo Lomba,→ Copa Libertadores via league finish,2020,brasileirao,24,55.3,36.2,19.1,0.5,
3,Atlético Mineiro,38,20,8,10,64,45,19,68,1.79,,Keno - 10,Éverson,→ Copa Libertadores via league finish,2020,brasileirao,24,68.5,45.7,22.8,0.6,
4,São Paulo,38,18,12,8,59,41,18,66,1.74,,Luciano - 18,Tiago Volpi,→ Copa Libertadores via league finish,2020,brasileirao,24,54.3,39.5,14.8,0.39,
5,Fluminense,38,18,10,10,55,42,13,64,1.68,,Nenê - 8,"Muriel Becker, Marcos Felipe",→ Copa Libertadores via league finish,2020,brasileirao,24,41.3,44.9,-3.6,-0.09,
6,Grêmio,38,14,17,7,53,40,13,59,1.55,,Diego Souza - 13,Vanderlei,→ Copa Libertadores via league finish,2020,brasileirao,24,54.3,41.8,12.5,0.33,
7,Palmeiras,38,15,13,10,51,37,14,58,1.53,,Raphael Veiga - 11,Wéverton,→ Copa Libertadores via cup win,2020,brasileirao,24,52.6,39.1,13.5,0.36,
8,Santos,38,14,12,12,52,51,1,54,1.42,,Marinho - 17,João Paulo,→ Copa Libertadores via league finish,2020,brasileirao,24,50.9,56.7,-5.7,-0.15,
9,Ath Paranaense,38,15,8,15,38,36,2,53,1.39,,Renato Kayser - 8,Santos,→ Copa Sudamericana via league finish,2020,brasileirao,24,45.6,47.0,-1.4,-0.04,
10,Red Bull Bragantino,38,13,14,11,50,40,10,53,1.39,,Claudinho - 18,Cleiton Schwengber,→ Copa Sudamericana via league finish,2020,brasileirao,24,53.3,43.3,9.9,0.26,
11,Ceará,38,14,10,14,54,51,3,52,1.37,,Vinícius - 13,Fernando Prass,→ Copa Sudamericana via league finish,2020,brasileirao,24,51.8,52.6,-0.7,-0.02,
12,Corinthians,38,13,12,13,45,45,0,51,1.34,,Jô - 6,Cássio,→ Copa Sudamericana via league finish,2020,brasileirao,24,44.1,54.4,-10.3,-0.27,
13,Atl Goianiense,38,12,14,12,40,45,-5,50,1.32,,Jean - 5,Jean,→ Copa Sudamericana via league finish,2020,brasileirao,24,44.3,54.5,-10.2,-0.27,
14,Bahia,38,12,8,18,48,59,-11,44,1.16,,Gilberto - 9,Douglas Friedrich,→ Copa Sudamericana via league finish,2020,brasileirao,24,55.9,57.7,-1.9,-0.05,
15,Sport Recife,38,12,6,20,31,50,-19,42,1.11,,"Thiago Neves, Iago Maidana - 6",Luan Polli,,2020,brasileirao,24,34.7,58.0,-23.3,-0.61,
16,Fortaleza,38,10,11,17,34,44,-10,41,1.08,,Wellington Paulista - 9,Felipe Alves Raymundo,,2020,brasileirao,24,43.3,47.8,-4.6,-0.12,
17,Vasco da Gama,38,10,11,17,37,56,-19,41,1.08,,Germán Cano - 14,Fernando Miguel,Relegated,2020,brasileirao,24,41.1,56.5,-15.4,-0.41,
18,Goiás,38,9,10,19,41,63,-22,37,0.97,,Fernandão - 10,Tadeu,Relegated,2020,brasileirao,24,39.5,61.1,-21.6,-0.57,
19,Coritiba,38,7,10,21,31,54,-23,31,0.82,,Robson - 8,Wilson,Relegated,2020,brasileirao,24,37.9,61.4,-23.5,-0.62,
20,Botafogo (RJ),38,5,12,21,32,62,-30,27,0.71,,Matheus Babi - 10,Diego Cavalieri,Relegated,2020,brasileirao,24,51.3,64.8,-13.5,-0.36,
1,Atlético Mineiro,38,26,6,6,67,34,33,84,2.21,21827.0,Hulk - 19,Éverson,,2021,brasileirao,24,57.8,34.0,23.8,0.63,
2,Flamengo,38,21,8,9,69,36,33,71,1.87,10419.0,Michael - 14,Diego Alves,,2021,brasileirao,24,66.5,40.3,26.3,0.69,
3,Palmeiras,38,20,6,12,58,43,15,66,1.74,5850.0,Raphael Veiga - 10,Wéverton,,2021,brasileirao,24,56.3,48.5,7.8,0.21,
4,Fortaleza,38,17,7,14,44,45,-1,58,1.53,9133.0,Robson - 10,Felipe Alves Raymundo,,2021,brasileirao,24,50.6,48.2,2.3,0.06,
5,Corinthians,38,15,12,11,40,36,4,57,1.5,13772.0,"Jô, Roger Guedes - 7",Cássio,,2021,brasileirao,24,40.2,37.0,3.3,0.09,
6,Red Bull Bragantino,38,14,14,10,55,46,9,56,1.47,1032.0,"Ytalo, Artur - 12",Cleiton Schwengber,,2021,brasileirao,24,47.2,48.5,-1.3,-0.03,
7,Fluminense,38,15,9,14,38,38,0,54,1.42,5647.0,Luiz Henrique - 6,Marcos Felipe,,2021,brasileirao,24,44.3,46.4,-2.1,-0.06,
8,América (MG),38,13,14,11,41,37,4,53,1.39,1223.0,Ademir Santos - 13,Matheus Cavichioli,,2021,brasileirao,24,56.1,46.8,9.3,0.24,
9,Atl Goianiense,38,13,14,11,33,36,-3,53,1.39,2506.0,Zé Roberto - 6,Fernando Miguel,,2021,brasileirao,24,37.0,50.6,-13.6,-0.36,
10,Santos,38,12,14,12,35,40,-5,50,1.32,3527.0,Marinho - 6,João Paulo,,2021,brasileirao,24,44.7,51.1,-6.4,-0.17,
11,Ceará,38,11,17,10,39,38,1,50,1.32,7926.0,Vinícius - 8,Richard,,2021,brasileirao,24,47.9,49.9,-2.0,-0.05,
12,Internacional,38,12,12,14,44,42,2,48,1.26,6623.0,Yuri Alberto - 12,Daniel,,2021,brasileirao,24,50.6,54.5,-3.9,-0.1,
13,São Paulo,38,11,15,12,31,39,-8,48,1.26,11890.0,Jonathan Calleri - 5,Tiago Volpi,,2021,brasileirao,24,45.5,41.6,3.9,0.1,
14,Ath Paranaense,38,13,8,17,41,45,-4,47,1.24,3362.0,"David Terans, Renato Kayser - 6",Santos,,2021,brasileirao,24,41.8,45.5,-3.7,-0.1,
15,Cuiabá,38,10,17,11,34,37,-3,47,1.24,4164.0,Élton Rodrigues Brandão - 9,Walter,,2021,brasileirao,24,36.6,45.5,-8.9,-0.23,
16,Juventude,38,11,13,14,36,44,-8,46,1.21,2768.0,"Ricardo Bueno, Matheus Peixoto - 7",Marcelo Carné,,2021,brasileirao,24,37.5,42.4,-4.9,-0.13,
17,Grêmio,38,12,7,19,44,51,-7,43,1.13,3956.0,Diego Souza - 10,Gabriel Chapecó,Relegated,2021,brasileirao,24,50.5,43.2,7.3,0.19,
18,Bahia,38,11,10,17,42,51,-9,43,1.13,7738.0,Gilberto - 15,"Danilo Fernandes, Matheus Teixeira",Relegated,2021,brasileirao,24,45.6,46.2,-0.6,-0.02,
19,Sport Recife,38,9,11,18,24,37,-13,38,1.0,2177.0,Mikael - 8,Mailson,Relegated,2021,brasileirao,24,39.8,50.7,-10.8,-0.28,
20,Chapecoense,38,1,12,25,27,67,-40,15,0.39,725.0,Mike - 5,João Paulo,Relegated,2021,brasileirao,24,39.5,65.4,-25.8,-0.68,
1,Palmeiras,38,23,12,3,66,27,39,81,2.13,36565.0,Rony - 12,Wéverton,→ Copa Libertadores via league finish,2022,brasileirao,24,69.3,33.2,36.1,0.95,
2,Internacional,38,20,13,5,58,31,27,73,1.92,23618.0,Alexandre Alemão - 8,Daniel,→ Copa Sudamericana via league finish,2022,brasileirao,24,55.8,45.1,10.8,0.28,
3,Fluminense,38,21,7,10,63,41,22,70,1.84,29266.0,Germán Cano - 26,Fábio,→ Copa Sudamericana via league finish,2022,brasileirao,24,50.1,40.3,9.7,0.26,
4,Corinthians,38,18,11,9,44,36,8,65,1.71,38631.0,Roger Guedes - 10,Cássio,→ Copa Sudamericana via league finish,2022,brasileirao,24,40.9,41.0,-0.2,0.0,
5,Flamengo,38,18,8,12,60,39,21,62,1.63,50998.0,"Pedro, Gabriel Barbosa - 11",Santos,→ Copa Libertadores via league finish,2022,brasileirao,24,65.4,35.8,29.6,0.78,
6,Ath Paranaense,38,16,10,12,48,48,0,58,1.53,19693.0,David Terans - 12,Bento,→ Copa Libertadores via league finish,2022,brasileirao,24,47.1,48.4,-1.3,-0.04,
7,Atlético Mineiro,38,15,13,10,45,37,8,58,1.53,30386.0,Hulk - 12,Éverson,→ Copa Libertadores via league finish,2022,brasileirao,24,54.1,33.7,20.4,0.54,
8,Fortaleza,38,15,10,13,46,39,7,55,1.45,32642.0,"Moises, Thiago Galhardo - 7",Fernando Miguel,→ Copa Libertadores via league finish,2022,brasileirao,24,44.5,42.9,1.5,0.04,
9,São Paulo,38,13,15,10,55,42,13,54,1.42,32249.0,Jonathan Calleri - 18,Jandrei,→ Copa Libertadores via league finish,2022,brasileirao,24,49.7,44.4,5.3,0.14,
10,América (MG),38,15,8,15,40,40,0,53,1.39,3415.0,Henrique Almeida - 6,Matheus Cavichioli,→ Copa Sudamericana via league finish,2022,brasileirao,24,45.6,49.7,-4.1,-0.11,
11,Botafogo (RJ),38,15,8,15,41,43,-2,53,1.39,21413.0,Erison - 7,Gatito Fernández,→ Copa Sudamericana via league finish,2022,brasileirao,24,40.8,50.4,-9.6,-0.25,
12,Santos,38,12,11,15,44,41,3,47,1.24,11370.0,Marcos Leonardo - 13,João Paulo,→ Copa Sudamericana via league finish,2022,brasileirao,24,46.2,48.0,-1.8,-0.05,
13,Goiás,38,11,13,14,40,53,-13,46,1.21,10290.0,Pedro Raul - 19,Tadeu,,2022,brasileirao,24,34.6,61.6,-27.0,-0.71,
14,Red Bull Bragantino,38,11,11,16,49,59,-10,44,1.16,5011.0,Luan Cândido - 11,Cleiton Schwengber,,2022,brasileirao,24,52.7,49.5,3.1,0.08,
15,Coritiba,38,12,6,20,39,60,-21,42,1.11,18400.0,Alef Manga - 9,Alex Muralha,,2022,brasileirao,24,42.3,53.6,-11.3,-0.3,
16,Cuiabá,38,10,11,17,31,42,-11,41,1.08,13821.0,Deyverson - 6,Walter,,2022,brasileirao,24,41.0,47.8,-6.8,-0.18,
17,Ceará,38,7,16,15,34,41,-7,37,0.97,28814.0,Stiven Mendoza - 10,João Ricardo Riedi,Relegated,2022,brasileirao,24,43.9,48.0,-4.0,-0.11,
18,Atl Goianiense,38,8,12,18,39,57,-18,36,0.95,7019.0,Wellington Rato - 8,Ronaldo,Relegated,2022,brasileirao,24,43.1,51.2,-8.2,-0.21,
19,Avaí,38,9,8,21,34,60,-26,35,0.92,8690.0,Guilherme Bissoli - 14,Vladimir,Relegated,2022,brasileirao,24,44.0,62.6,-18.6,-0.49,
20,Juventude,38,3,13,22,29,69,-40,22,0.58,3800.0,"Óscar Ruiz, Isidro Pitta - 5",César Reis,Relegated,2022,brasileirao,24,33.4,57.1,-23.6,-0.62,
1,Palmeiras,38,20,10,8,64,33,31,70,1.84,33220.0,Endrick - 11,Wéverton,,2023,brasileirao,24,57.2,39.4,17.8,0.47,
2,Grêmio,38,21,5,12,63,56,7,68,1.79,34585.0,Luis Suárez - 17,Gabriel Chapecó,,2023,brasileirao,24,49.9,54.9,-5.0,-0.13,
3,Atlético Mineiro,38,19,9,10,52,32,20,66,1.74,33068.0,Paulinho - 20,Éverson,,2023,brasileirao,24,46.5,40.9,5.5,0.15,
4,Flamengo,38,19,9,10,56,42,14,66,1.74,57486.0,Pedro - 13,Matheus Cunha,,2023,brasileirao,24,50.0,44.6,5.4,0.14,
5,Botafogo (RJ),38,18,10,10,58,37,21,64,1.68,27290.0,Tiquinho Soares - 17,Lucas Perri,,2023,brasileirao,24,50.1,49.0,1.0,0.03,
6,Red Bull Bragantino,38,17,11,10,49,35,14,62,1.63,6051.0,Eduardo Sasha - 11,Cleiton Schwengber,,2023,brasileirao,24,57.9,42.8,15.1,0.4,
7,Fluminense,38,16,8,14,51,47,4,56,1.47,34431.0,Germán Cano - 10,Fábio,,2023,brasileirao,24,49.9,48.6,1.3,0.03,
8,Ath Paranaense,38,14,14,10,51,43,8,56,1.47,22378.0,Vitor Roque - 12,Bento,,2023,brasileirao,24,51.1,46.6,4.5,0.12,
9,Internacional,38,15,10,13,46,45,1,55,1.45,26675.0,Enner Valencia - 9,Sergio Rochet,,2023,brasileirao,24,42.4,47.2,-4.8,-0.13,
10,Fortaleza,38,15,9,14,45,44,1,54,1.42,33540.0,Juan Martín Lucero - 9,João Ricardo Riedi,,2023,brasileirao,24,51.5,43.7,7.8,0.2,
11,São Paulo,38,14,11,13,40,38,2,53,1.39,43800.0,"Luciano, Jonathan Calleri - 9",Rafael Pires,,2023,brasileirao,24,49.5,36.7,12.7,0.33,
12,Cuiabá,38,14,9,15,40,39,1,51,1.34,16859.0,Deyverson - 12,Walter,,2023,brasileirao,24,38.7,42.1,-3.4,-0.09,
13,Corinthians,38,12,14,12,47,48,-1,50,1.32,36565.0,"Ángel Romero, Yuri Alberto - 8",Cássio,,2023,brasileirao,24,40.5,49.7,-9.2,-0.24,
14,Cruzeiro,38,11,14,13,35,32,3,47,1.24,30527.0,Bruno Nascimento - 8,Rafael Cabral,,2023,brasileirao,24,48.2,41.8,6.5,0.17,
15,Vasco da Gama,38,12,9,17,41,51,-10,45,1.18,21746.0,Pablo Vegetti - 10,Léo Jardim,,2023,brasileirao,24,47.6,46.2,1.3,0.03,
16,Bahia,38,12,8,18,50,53,-3,44,1.16,36970.0,Everaldo Stum - 9,Marcos Felipe,,2023,brasileirao,24,50.6,51.3,-0.6,-0.02,
17,Santos,38,11,10,17,39,64,-25,43,1.13,8196.0,Marcos Leonardo - 13,João Paulo,Relegated,2023,brasileirao,24,42.6,51.5,-8.9,-0.23,
18,Goiás,38,9,11,18,36,53,-17,38,1.0,10026.0,Guilherme - 6,Tadeu,Relegated,2023,brasileirao,24,36.6,45.9,-9.3,-0.24,
19,Coritiba,38,8,6,24,41,73,-32,30,0.79,20770.0,Robson - 12,Gabriel,Relegated,2023,brasileirao,24,39.3,60.8,-21.6,-0.57,
20,América (MG),38,5,9,24,42,81,-39,24,0.63,6373.0,Gonzalo Mastriani - 11,Matheus Cavichioli,Relegated,2023,brasileirao,24,46.7,62.9,-16.2,-0.43,
1,Botafogo (RJ),30,18,7,5,48,26,22,61,2.03,17320.0,Luiz Henrique - 6,John,,2024,brasileirao,24,43.5,30.9,12.6,0.42,W W D W D
2,Palmeiras,30,18,6,6,51,23,28,60,2.0,28817.0,Estevão - 10,Wéverton,,2024,brasileirao,24,53.2,28.8,24.4,0.81,W W W D W
3,Fortaleza,30,16,8,6,39,30,9,56,1.87,23566.0,Juan Martín Lucero - 8,João Ricardo Riedi,,2024,brasileirao,24,34.7,35.7,-1.1,-0.04,D W W L D
4,Flamengo,29,15,6,8,45,34,11,51,1.76,53146.0,Pedro - 11,Agustín Rossi,,2024,brasileirao,24,40.8,33.3,7.4,0.26,D L W W L
5,São Paulo,30,15,5,10,41,32,9,50,1.67,38924.0,Luciano - 9,Rafael Pires,,2024,brasileirao,24,34.5,25.6,8.9,0.3,W L W L W
6,Internacional,29,13,10,6,38,26,12,49,1.69,17997.0,"Wesley, Rafael Borré - 7",Sergio Rochet,,2024,brasileirao,24,45.5,25.0,20.5,0.71,W D W D W
7,Bahia,30,13,7,10,40,34,6,46,1.53,36034.0,Everaldo Stum - 8,Marcos Felipe,,2024,brasileirao,24,39.2,32.5,6.7,0.22,W L W L D
8,Cruzeiro,30,12,8,10,36,30,6,44,1.47,26316.0,Matheus Pereira - 6,"Cássio, Anderson",,2024,brasileirao,24,31.3,34.1,-2.8,-0.09,L D D L D
9,Atlético Mineiro,29,10,11,8,41,42,-1,41,1.41,32293.0,Hulk - 10,Éverson,,2024,brasileirao,24,36.8,33.7,3.0,0.1,W L D W D
10,Vasco da Gama,29,10,7,12,32,41,-9,37,1.28,19545.0,Pablo Vegetti - 9,Léo Jardim,,2024,brasileirao,24,28.1,39.3,-11.3,-0.39,D L D D L
11,Criciúma,30,9,9,12,37,43,-6,36,1.2,14455.0,Yannick Bolasie - 6,Gustavo,,2024,brasileirao,24,32.0,41.8,-9.8,-0.33,D W L W D
12,Grêmio,30,10,5,15,33,38,-5,35,1.17,15968.0,"Martin Braithwaite, Franco Cristaldo - 5",Agustín Marchesín,,2024,brasileirao,24,34.7,35.7,-1.0,-0.03,L D W L L
13,Red Bull Bragantino,30,8,10,12,34,39,-5,34,1.13,6117.0,Helinho - 7,Cleiton Schwengber,,2024,brasileirao,24,30.5,39.1,-8.6,-0.29,L D D D L
14,Juventude,30,8,10,12,36,44,-8,34,1.13,6889.0,"Lucas Barbosa, Jean Carlos Vicente - 4",Gabriel,,2024,brasileirao,24,32.4,49.3,-16.8,-0.56,W L D D L
15,Fluminense,29,9,6,14,24,30,-6,33,1.14,23649.0,"Jhon Arias, Kauã Elias - 5",Fábio,,2024,brasileirao,24,26.2,35.4,-9.2,-0.32,L L L W W
16,Vitória,30,9,5,16,33,44,-11,32,1.07,21382.0,Alerrandro - 7,Lucas Arcanjo,,2024,brasileirao,24,31.7,35.7,-4.0,-0.13,W W L D W
17,Corinthians,30,7,11,12,34,40,-6,32,1.07,43241.0,Yuri Alberto - 8,Hugo Souza,,2024,brasileirao,24,35.4,37.6,-2.2,-0.07,L W L D W
18,Ath Paranaense,28,8,7,13,29,36,-7,31,1.11,29852.0,"Gonzalo Mastriani, Agustín Canobbio - 4",Leonardo Linck,,2024,brasileirao,24,36.1,35.8,0.3,0.01,D D L L L
19,Cuiabá,29,6,9,14,25,39,-14,27,0.93,5680.0,Isidro Pitta - 7,Walter,,2024,brasileirao,24,26.0,36.1,-10.1,-0.35,L D L W D
20,Atl Goianiense,30,5,7,18,22,47,-25,22,0.73,10370.0,Luiz Fernando - 6,Ronaldo,,2024,brasileirao,24,32.2,39.1,-6.9,-0.23,L L W L D
