season,Rk,Squad,MP,W,D,L,GF,GA,GD,Pts,Pts/MP,Attendance,Top Team Scorer,Goalkeeper,Notes,league_name,league_id,xG,xGA,xGD,xGD/90,Last 5
2014-2015,1.0,Chelsea,38.0,26.0,9.0,3.0,73.0,32.0,41.0,87.0,2.29,41546.0,Diego Costa - 20,Thibaut Courtois,→ Champions League via league finish,premier_league,9,,,,,
2014-2015,2.0,Manchester City,38.0,24.0,7.0,7.0,83.0,38.0,45.0,79.0,2.08,45365.0,Sergio Agüero - 26,Joe Hart,→ Champions League via league finish,premier_league,9,,,,,
2014-2015,3.0,Arsenal,38.0,22.0,9.0,7.0,71.0,36.0,35.0,75.0,1.97,59992.0,Alexis Sánchez - 16,David Ospina,→ Champions League via league finish,premier_league,9,,,,,
2014-2015,4.0,Manchester Utd,38.0,20.0,10.0,8.0,62.0,37.0,25.0,70.0,1.84,75335.0,Wayne Rooney - 12,David de Gea,→ Champions League via league finish,premier_league,9,,,,,
2014-2015,5.0,Tottenham,38.0,19.0,7.0,12.0,58.0,53.0,5.0,64.0,1.68,35728.0,Harry Kane - 21,Hugo Lloris,→ Europa League via league finish,premier_league,9,,,,,
2014-2015,6.0,Liverpool,38.0,18.0,8.0,12.0,52.0,48.0,4.0,62.0,1.63,44659.0,Steven Gerrard - 9,Simon Mignolet,→ Europa League via league finish 1,premier_league,9,,,,,
2014-2015,7.0,Southampton,38.0,18.0,6.0,14.0,54.0,33.0,21.0,60.0,1.58,30741.0,Graziano Pellè - 12,Fraser Forster,→ Europa League via league finish 2,premier_league,9,,,,,
2014-2015,8.0,Swansea City,38.0,16.0,8.0,14.0,46.0,49.0,-3.0,56.0,1.47,20555.0,Wilfried Bony - 9,Łukasz Fabiański,,premier_league,9,,,,,
2014-2015,9.0,Stoke City,38.0,15.0,9.0,14.0,48.0,45.0,3.0,54.0,1.42,27081.0,Mame Biram Diouf - 11,Asmir Begović,,premier_league,9,,,,,
2014-2015,10.0,Crystal Palace,38.0,13.0,9.0,16.0,47.0,51.0,-4.0,48.0,1.26,24421.0,Glenn Murray - 7,Julián Speroni,,premier_league,9,,,,,
2014-2015,11.0,Everton,38.0,12.0,11.0,15.0,48.0,50.0,-2.0,47.0,1.24,37406.0,Romelu Lukaku - 10,Tim Howard,,premier_league,9,,,,,
2014-2015,12.0,West Ham,38.0,12.0,11.0,15.0,44.0,47.0,-3.0,47.0,1.24,34846.0,Diafra Sakho - 10,Adrián,→ Europa League 3,premier_league,9,,,,,
2014-2015,13.0,West Brom,38.0,11.0,11.0,16.0,38.0,51.0,-13.0,44.0,1.16,25064.0,Saido Berahino - 14,Ben Foster,,premier_league,9,,,,,
2014-2015,14.0,Leicester City,38.0,11.0,8.0,19.0,46.0,55.0,-9.0,41.0,1.08,31693.0,Leonardo Ulloa - 11,Kasper Schmeichel,,premier_league,9,,,,,
2014-2015,15.0,Newcastle Utd,38.0,10.0,9.0,19.0,40.0,63.0,-23.0,39.0,1.03,50359.0,Papiss Cissé - 11,Tim Krul,,premier_league,9,,,,,
2014-2015,16.0,Sunderland,38.0,7.0,17.0,14.0,31.0,53.0,-22.0,38.0,1.0,43157.0,"Steven Fletcher, Connor Wickham - 5",Costel Pantilimon,,premier_league,9,,,,,
2014-2015,17.0,Aston Villa,38.0,10.0,8.0,20.0,31.0,57.0,-26.0,38.0,1.0,34133.0,Christian Benteke - 13,Brad Guzan,,premier_league,9,,,,,
2014-2015,18.0,Hull City,38.0,8.0,11.0,19.0,33.0,51.0,-18.0,35.0,0.92,23557.0,Nikica Jelavić - 8,Allan McGregor,Relegated,premier_league,9,,,,,
2014-2015,19.0,Burnley,38.0,7.0,12.0,19.0,28.0,53.0,-25.0,33.0,0.87,19131.0,Danny Ings - 11,Tom Heaton,Relegated,premier_league,9,,,,,
2014-2015,20.0,QPR,38.0,8.0,6.0,24.0,42.0,73.0,-31.0,30.0,0.79,17809.0,Charlie Austin - 18,Robert Green,Relegated,premier_league,9,,,,,
2015-2016,1.0,Leicester City,38.0,23.0,12.0,3.0,68.0,36.0,32.0,81.0,2.13,31998.0,Jamie Vardy - 24,Kasper Schmeichel,→ Champions League via league finish,premier_league,9,,,,,
2015-2016,2.0,Arsenal,38.0,20.0,11.0,7.0,65.0,36.0,29.0,71.0,1.87,59944.0,Olivier Giroud - 16,Petr Čech,→ Champions League via league finish,premier_league,9,,,,,
2015-2016,3.0,Tottenham,38.0,19.0,13.0,6.0,69.0,35.0,34.0,70.0,1.84,35776.0,Harry Kane - 25,Hugo Lloris,→ Champions League via league finish,premier_league,9,,,,,
2015-2016,4.0,Manchester City,38.0,19.0,9.0,10.0,71.0,41.0,30.0,66.0,1.74,54041.0,Sergio Agüero - 24,Joe Hart,→ Champions League via league finish,premier_league,9,,,,,
2015-2016,5.0,Manchester Utd,38.0,19.0,9.0,10.0,49.0,35.0,14.0,66.0,1.74,75286.0,Anthony Martial - 11,David de Gea,→ Europa League via cup win 1,premier_league,9,,,,,
2015-2016,6.0,Southampton,38.0,18.0,9.0,11.0,59.0,41.0,18.0,63.0,1.66,30751.0,"Sadio Mané, Graziano Pellè - 11",Fraser Forster,→ Europa League via league finish 2,premier_league,9,,,,,
2015-2016,7.0,West Ham,38.0,16.0,14.0,8.0,65.0,51.0,14.0,62.0,1.63,34910.0,"Dimitri Payet, Andy Carroll - 9",Adrián,→ Europa League via league finish 3,premier_league,9,,,,,
2015-2016,8.0,Liverpool,38.0,16.0,12.0,10.0,63.0,50.0,13.0,60.0,1.58,43910.0,Roberto Firmino - 10,Simon Mignolet,,premier_league,9,,,,,
2015-2016,9.0,Stoke City,38.0,14.0,9.0,15.0,41.0,55.0,-14.0,51.0,1.34,27534.0,Marko Arnautović - 11,Jack Butland,,premier_league,9,,,,,
2015-2016,10.0,Chelsea,38.0,12.0,14.0,12.0,59.0,53.0,6.0,50.0,1.32,41500.0,Diego Costa - 12,Thibaut Courtois,,premier_league,9,,,,,
2015-2016,11.0,Everton,38.0,11.0,14.0,13.0,59.0,55.0,4.0,47.0,1.24,38124.0,Romelu Lukaku - 18,Tim Howard,,premier_league,9,,,,,
2015-2016,12.0,Swansea City,38.0,12.0,11.0,15.0,42.0,52.0,-10.0,47.0,1.24,20711.0,André Ayew - 12,Łukasz Fabiański,,premier_league,9,,,,,
2015-2016,13.0,Watford,38.0,12.0,9.0,17.0,40.0,50.0,-10.0,45.0,1.18,20594.0,Odion Ighalo - 15,Heurelho Gomes,,premier_league,9,,,,,
2015-2016,14.0,West Brom,38.0,10.0,13.0,15.0,34.0,48.0,-14.0,43.0,1.13,24631.0,Salomón Rondón - 9,Boaz Myhill,,premier_league,9,,,,,
2015-2016,15.0,Crystal Palace,38.0,11.0,9.0,18.0,39.0,51.0,-12.0,42.0,1.11,24825.0,"Scott Dann, Yohan Cabaye... - 5",Wayne Hennessey,,premier_league,9,,,,,
2015-2016,16.0,Bournemouth,38.0,11.0,9.0,18.0,45.0,67.0,-22.0,42.0,1.11,11189.0,Joshua King - 6,Artur Boruc,,premier_league,9,,,,,
2015-2016,17.0,Sunderland,38.0,9.0,12.0,17.0,48.0,62.0,-14.0,39.0,1.03,43071.0,Jermain Defoe - 15,Vito Mannone,,premier_league,9,,,,,
2015-2016,18.0,Newcastle Utd,38.0,9.0,10.0,19.0,44.0,65.0,-21.0,37.0,0.97,49754.0,Georginio Wijnaldum - 11,Rob Elliot,Relegated,premier_league,9,,,,,
2015-2016,19.0,Norwich City,38.0,9.0,7.0,22.0,39.0,67.0,-28.0,34.0,0.89,26972.0,Dieumerci Mbokani - 7,John Ruddy,Relegated,premier_league,9,,,,,
2015-2016,20.0,Aston Villa,38.0,3.0,8.0,27.0,27.0,76.0,-49.0,17.0,0.45,33690.0,Jordan Ayew - 7,Brad Guzan,Relegated,premier_league,9,,,,,
2016-2017,1.0,Chelsea,38.0,30.0,3.0,5.0,85.0,33.0,52.0,93.0,2.45,41508.0,Diego Costa - 20,Thibaut Courtois,→ Champions League via league finish,premier_league,9,,,,,
2016-2017,2.0,Tottenham,38.0,26.0,8.0,4.0,86.0,26.0,60.0,86.0,2.26,31639.0,Harry Kane - 29,Hugo Lloris,→ Champions League via league finish,premier_league,9,,,,,
2016-2017,3.0,Manchester City,38.0,23.0,9.0,6.0,80.0,39.0,41.0,78.0,2.05,54019.0,Sergio Agüero - 20,Claudio Bravo,→ Champions League via league finish,premier_league,9,,,,,
2016-2017,4.0,Liverpool,38.0,22.0,10.0,6.0,78.0,42.0,36.0,76.0,2.0,53016.0,"Philippe Coutinho, Sadio Mané - 13",Simon Mignolet,→ Champions League via league finish,premier_league,9,,,,,
2016-2017,5.0,Arsenal,38.0,23.0,6.0,9.0,77.0,44.0,33.0,75.0,1.97,59957.0,Alexis Sánchez - 24,Petr Čech,→ Europa League via cup win 1,premier_league,9,,,,,
2016-2017,6.0,Manchester Utd,38.0,18.0,15.0,5.0,54.0,29.0,25.0,69.0,1.82,75290.0,Zlatan Ibrahimović - 17,David de Gea,→ Champions League via Europa League win,premier_league,9,,,,,
2016-2017,7.0,Everton,38.0,17.0,10.0,11.0,62.0,44.0,18.0,61.0,1.61,39047.0,Romelu Lukaku - 25,Joel Robles,→ Europa League via league finish,premier_league,9,,,,,
2016-2017,8.0,Southampton,38.0,12.0,10.0,16.0,41.0,48.0,-7.0,46.0,1.21,30936.0,Nathan Redmond - 7,Fraser Forster,,premier_league,9,,,,,
2016-2017,9.0,Bournemouth,38.0,12.0,10.0,16.0,55.0,67.0,-12.0,46.0,1.21,11182.0,Joshua King - 16,Artur Boruc,,premier_league,9,,,,,
2016-2017,10.0,West Brom,38.0,12.0,9.0,17.0,43.0,51.0,-8.0,45.0,1.18,23876.0,Salomón Rondón - 8,Ben Foster,,premier_league,9,,,,,
2016-2017,11.0,West Ham,38.0,12.0,9.0,17.0,47.0,64.0,-17.0,45.0,1.18,56972.0,Michail Antonio - 9,Darren Randolph,,premier_league,9,,,,,
2016-2017,12.0,Leicester City,38.0,12.0,8.0,18.0,48.0,63.0,-15.0,44.0,1.16,31893.0,Jamie Vardy - 13,Kasper Schmeichel,,premier_league,9,,,,,
2016-2017,13.0,Stoke City,38.0,11.0,11.0,16.0,41.0,56.0,-15.0,44.0,1.16,27433.0,Peter Crouch - 7,Lee Grant,,premier_league,9,,,,,
2016-2017,14.0,Crystal Palace,38.0,12.0,5.0,21.0,50.0,63.0,-13.0,41.0,1.08,25161.0,Christian Benteke - 15,Wayne Hennessey,,premier_league,9,,,,,
2016-2017,15.0,Swansea City,38.0,12.0,5.0,21.0,45.0,70.0,-25.0,41.0,1.08,20619.0,Fernando Llorente - 15,Łukasz Fabiański,,premier_league,9,,,,,
2016-2017,16.0,Burnley,38.0,11.0,7.0,20.0,39.0,55.0,-16.0,40.0,1.05,20558.0,Sam Vokes - 10,Tom Heaton,,premier_league,9,,,,,
2016-2017,17.0,Watford,38.0,11.0,7.0,20.0,40.0,68.0,-28.0,40.0,1.05,20571.0,Troy Deeney - 10,Heurelho Gomes,,premier_league,9,,,,,
2016-2017,18.0,Hull City,38.0,9.0,7.0,22.0,37.0,80.0,-43.0,34.0,0.89,20761.0,Robert Snodgrass - 7,Eldin Jakupović,Relegated,premier_league,9,,,,,
2016-2017,19.0,Middlesbrough,38.0,5.0,13.0,20.0,27.0,53.0,-26.0,28.0,0.74,30449.0,Álvaro Negredo - 9,Víctor Valdés,Relegated,premier_league,9,,,,,
2016-2017,20.0,Sunderland,38.0,6.0,6.0,26.0,29.0,69.0,-40.0,24.0,0.63,41287.0,Jermain Defoe - 15,Jordan Pickford,Relegated,premier_league,9,,,,,
2017-2018,1.0,Manchester City,38.0,32.0,4.0,2.0,106.0,27.0,79.0,100.0,2.63,54070.0,Sergio Agüero - 21,Ederson,→ Champions League via league finish,premier_league,9,78.6,23.8,54.8,1.44,
2017-2018,2.0,Manchester Utd,38.0,25.0,6.0,7.0,68.0,28.0,40.0,81.0,2.13,74976.0,Romelu Lukaku - 16,David de Gea,→ Champions League via league finish,premier_league,9,55.7,40.7,15.0,0.4,
2017-2018,3.0,Tottenham,38.0,23.0,8.0,7.0,74.0,36.0,38.0,77.0,2.03,67953.0,Harry Kane - 30,Hugo Lloris,→ Champions League via league finish,premier_league,9,64.7,33.9,30.8,0.81,
2017-2018,4.0,Liverpool,38.0,21.0,12.0,5.0,84.0,38.0,46.0,75.0,1.97,53049.0,Mohamed Salah - 32,"Loris Karius, Simon Mignolet",→ Champions League via league finish,premier_league,9,72.9,33.8,39.1,1.03,
2017-2018,5.0,Chelsea,38.0,21.0,7.0,10.0,62.0,38.0,24.0,70.0,1.84,41282.0,Eden Hazard - 12,Thibaut Courtois,→ Europa League via cup win 1,premier_league,9,54.4,33.8,20.6,0.54,
2017-2018,6.0,Arsenal,38.0,19.0,6.0,13.0,74.0,51.0,23.0,63.0,1.66,59323.0,Alexandre Lacazette - 14,Petr Čech,→ Europa League via league finish,premier_league,9,68.3,47.8,20.5,0.54,
2017-2018,7.0,Burnley,38.0,14.0,12.0,12.0,36.0,39.0,-3.0,54.0,1.42,20688.0,Chris Wood - 10,Nick Pope,→ Europa League via league finish 2,premier_league,9,32.3,51.2,-18.9,-0.5,
2017-2018,8.0,Everton,38.0,13.0,10.0,15.0,44.0,58.0,-14.0,49.0,1.29,38797.0,Wayne Rooney - 10,Jordan Pickford,,premier_league,9,40.5,52.4,-11.9,-0.31,
2017-2018,9.0,Leicester City,38.0,12.0,11.0,15.0,56.0,60.0,-4.0,47.0,1.24,31583.0,Jamie Vardy - 20,Kasper Schmeichel,,premier_league,9,50.0,48.1,1.9,0.05,
2017-2018,10.0,Newcastle Utd,38.0,12.0,8.0,18.0,39.0,47.0,-8.0,44.0,1.16,51992.0,Ayoze Pérez - 8,Rob Elliot,,premier_league,9,41.6,52.4,-10.8,-0.28,
2017-2018,11.0,Crystal Palace,38.0,11.0,11.0,16.0,45.0,55.0,-10.0,44.0,1.16,25063.0,Luka Milivojević - 10,Wayne Hennessey,,premier_league,9,53.5,48.2,5.2,0.14,
2017-2018,12.0,Bournemouth,38.0,11.0,11.0,16.0,45.0,61.0,-16.0,44.0,1.16,10641.0,"Joshua King, Callum Wilson - 8",Asmir Begović,,premier_league,9,38.8,59.2,-20.4,-0.54,
2017-2018,13.0,West Ham,38.0,10.0,12.0,16.0,48.0,68.0,-20.0,42.0,1.11,56885.0,Marko Arnautović - 11,"Joe Hart, Adrián",,premier_league,9,36.7,55.1,-18.4,-0.48,
2017-2018,14.0,Watford,38.0,11.0,8.0,19.0,44.0,64.0,-20.0,41.0,1.08,20231.0,Abdoulaye Doucouré - 7,Heurelho Gomes,,premier_league,9,45.0,51.8,-6.8,-0.18,
2017-2018,15.0,Brighton,38.0,9.0,13.0,16.0,34.0,54.0,-20.0,40.0,1.05,30403.0,Glenn Murray - 12,Mathew Ryan,,premier_league,9,37.0,50.8,-13.8,-0.36,
2017-2018,16.0,Huddersfield,38.0,9.0,10.0,19.0,28.0,58.0,-30.0,37.0,0.97,24040.0,Steve Mounié - 7,Jonas Lössl,,premier_league,9,31.3,48.5,-17.2,-0.45,
2017-2018,17.0,Southampton,38.0,7.0,15.0,16.0,37.0,56.0,-19.0,36.0,0.95,30794.0,Charlie Austin - 7,Fraser Forster,,premier_league,9,39.9,45.2,-5.3,-0.14,
2017-2018,18.0,Swansea City,38.0,8.0,9.0,21.0,28.0,56.0,-28.0,33.0,0.87,20623.0,Jordan Ayew - 7,Łukasz Fabiański,Relegated,premier_league,9,31.6,58.6,-27.0,-0.71,
2017-2018,19.0,Stoke City,38.0,7.0,12.0,19.0,35.0,68.0,-33.0,33.0,0.87,29280.0,Xherdan Shaqiri - 8,Jack Butland,Relegated,premier_league,9,36.5,62.5,-26.0,-0.69,
2017-2018,20.0,West Brom,38.0,6.0,13.0,19.0,31.0,56.0,-25.0,31.0,0.82,24520.0,"Jay Rodriguez, Salomón Rondón - 7",Ben Foster,Relegated,premier_league,9,36.5,47.9,-11.4,-0.3,
2018-2019,1.0,Manchester City,38.0,32.0,2.0,4.0,95.0,23.0,72.0,98.0,2.58,54130.0,Sergio Agüero - 21,Ederson,→ Champions League via league finish,premier_league,9,84.3,24.7,59.6,1.57,
2018-2019,2.0,Liverpool,38.0,30.0,7.0,1.0,89.0,22.0,67.0,97.0,2.55,52983.0,"Sadio Mané, Mohamed Salah - 22",Alisson,→ Champions League via league finish,premier_league,9,73.7,28.8,44.9,1.18,
2018-2019,3.0,Chelsea,38.0,21.0,9.0,8.0,63.0,39.0,24.0,72.0,1.89,40437.0,Eden Hazard - 16,Kepa Arrizabalaga,→ Champions League via league finish,premier_league,9,58.6,36.4,22.2,0.58,
2018-2019,4.0,Tottenham,38.0,23.0,2.0,13.0,67.0,39.0,28.0,71.0,1.87,54216.0,Harry Kane - 17,Hugo Lloris,→ Champions League via league finish,premier_league,9,54.9,47.1,7.8,0.2,
2018-2019,5.0,Arsenal,38.0,21.0,7.0,10.0,73.0,51.0,22.0,70.0,1.84,59899.0,Pierre-Emerick Aubameyang - 22,Bernd Leno,→ Europa League via league finish,premier_league,9,60.1,54.2,5.9,0.15,
2018-2019,6.0,Manchester Utd,38.0,19.0,9.0,10.0,65.0,54.0,11.0,66.0,1.74,74498.0,Paul Pogba - 13,David de Gea,→ Europa League via league finish 1,premier_league,9,61.4,50.6,10.8,0.29,
2018-2019,7.0,Wolves,38.0,16.0,9.0,13.0,47.0,46.0,1.0,57.0,1.5,31030.0,Raúl Jiménez - 13,Rui Patrício,→ Europa League via league finish,premier_league,9,52.1,42.1,10.1,0.26,
2018-2019,8.0,Everton,38.0,15.0,9.0,14.0,54.0,46.0,8.0,54.0,1.42,39043.0,"Gylfi Sigurðsson, Richarlison - 13",Jordan Pickford,,premier_league,9,49.7,45.7,4.0,0.1,
2018-2019,9.0,Leicester City,38.0,15.0,7.0,16.0,51.0,48.0,3.0,52.0,1.37,31851.0,Jamie Vardy - 18,Kasper Schmeichel,,premier_league,9,52.4,43.7,8.7,0.23,
2018-2019,10.0,West Ham,38.0,15.0,7.0,16.0,52.0,55.0,-3.0,52.0,1.37,58336.0,Marko Arnautović - 10,Łukasz Fabiański,,premier_league,9,47.6,61.9,-14.3,-0.38,
2018-2019,11.0,Watford,38.0,14.0,8.0,16.0,52.0,59.0,-7.0,50.0,1.32,20016.0,Gerard Deulofeu - 10,Ben Foster,,premier_league,9,48.2,59.2,-11.0,-0.29,
2018-2019,12.0,Crystal Palace,38.0,14.0,7.0,17.0,51.0,53.0,-2.0,49.0,1.29,25455.0,Luka Milivojević - 12,Vicente Guaita,,premier_league,9,47.6,50.1,-2.5,-0.07,
2018-2019,13.0,Newcastle Utd,38.0,12.0,9.0,17.0,42.0,48.0,-6.0,45.0,1.18,51121.0,Ayoze Pérez - 12,Martin Dúbravka,,premier_league,9,39.1,53.6,-14.5,-0.38,
2018-2019,14.0,Bournemouth,38.0,13.0,6.0,19.0,56.0,70.0,-14.0,45.0,1.18,10532.0,Callum Wilson - 14,Asmir Begović,,premier_league,9,53.3,57.2,-3.9,-0.1,
2018-2019,15.0,Burnley,38.0,11.0,7.0,20.0,45.0,68.0,-23.0,40.0,1.05,20534.0,Ashley Barnes - 12,"Tom Heaton, Joe Hart",,premier_league,9,44.4,62.1,-17.7,-0.47,
2018-2019,16.0,Southampton,38.0,9.0,12.0,17.0,45.0,65.0,-20.0,39.0,1.03,30139.0,"Danny Ings, James Ward-Prowse - 7",Alex McCarthy,,premier_league,9,46.9,55.1,-8.2,-0.22,
2018-2019,17.0,Brighton,38.0,9.0,9.0,20.0,35.0,60.0,-25.0,36.0,0.95,30426.0,Glenn Murray - 13,Mathew Ryan,,premier_league,9,35.3,59.1,-23.8,-0.63,
2018-2019,18.0,Cardiff City,38.0,10.0,4.0,24.0,34.0,69.0,-35.0,34.0,0.89,31408.0,"Bobby Reid, Víctor Camarasa - 5",Neil Etheridge,Relegated,premier_league,9,42.4,61.5,-19.1,-0.5,
2018-2019,19.0,Fulham,38.0,7.0,5.0,26.0,34.0,81.0,-47.0,26.0,0.68,24371.0,Aleksandar Mitrović - 11,Sergio Rico,Relegated,premier_league,9,41.3,68.2,-26.8,-0.71,
2018-2019,20.0,Huddersfield,38.0,3.0,7.0,28.0,22.0,76.0,-54.0,16.0,0.42,23203.0,Karlan Grant - 4,Jonas Lössl,Relegated,premier_league,9,28.8,60.9,-32.2,-0.85,
2019-2020,1.0,Liverpool,38.0,32.0,3.0,3.0,85.0,33.0,52.0,99.0,2.61,41955.0,Mohamed Salah - 19,Alisson,→ Champions League via league finish,premier_league,9,68.9,37.7,31.2,0.82,
2019-2020,2.0,Manchester City,38.0,26.0,3.0,9.0,102.0,35.0,67.0,81.0,2.13,37097.0,Raheem Sterling - 20,Ederson,→ Champions League via league finish,premier_league,9,92.0,36.2,55.7,1.47,
2019-2020,3.0,Manchester Utd,38.0,18.0,12.0,8.0,66.0,36.0,30.0,66.0,1.74,57415.0,"Anthony Martial, Marcus Rashford - 17",David de Gea,→ Champions League via league finish,premier_league,9,62.2,37.7,24.5,0.64,
2019-2020,4.0,Chelsea,38.0,20.0,6.0,12.0,69.0,54.0,15.0,66.0,1.74,32023.0,Tammy Abraham - 15,Kepa Arrizabalaga,→ Champions League via league finish,premier_league,9,69.2,38.6,30.6,0.81,
2019-2020,5.0,Leicester City,38.0,18.0,8.0,12.0,67.0,41.0,26.0,62.0,1.63,25312.0,Jamie Vardy - 23,Kasper Schmeichel,→ Europa League via league finish,premier_league,9,62.2,45.5,16.7,0.44,
2019-2020,6.0,Tottenham,38.0,16.0,11.0,11.0,61.0,47.0,14.0,59.0,1.55,43757.0,Harry Kane - 18,Hugo Lloris,→ Europa League via league finish 1,premier_league,9,47.9,54.2,-6.3,-0.17,
2019-2020,7.0,Wolves,38.0,15.0,14.0,9.0,51.0,40.0,11.0,59.0,1.55,24758.0,Raúl Jiménez - 17,Rui Patrício,,premier_league,9,54.1,38.0,16.1,0.42,
2019-2020,8.0,Arsenal,38.0,14.0,14.0,10.0,56.0,48.0,8.0,56.0,1.47,47589.0,Pierre-Emerick Aubameyang - 22,Bernd Leno,→ Europa League via cup win 2,premier_league,9,47.0,55.3,-8.3,-0.22,
2019-2020,9.0,Sheffield Utd,38.0,14.0,12.0,12.0,39.0,39.0,0.0,54.0,1.42,24370.0,"Lys Mousset, Oliver McBurnie - 6",Dean Henderson,,premier_league,9,43.0,51.0,-7.9,-0.21,
2019-2020,10.0,Burnley,38.0,15.0,9.0,14.0,43.0,50.0,-7.0,54.0,1.42,15995.0,Chris Wood - 14,Nick Pope,,premier_league,9,47.4,49.8,-2.4,-0.06,
2019-2020,11.0,Southampton,38.0,15.0,7.0,16.0,51.0,60.0,-9.0,52.0,1.37,23428.0,Danny Ings - 22,Alex McCarthy,,premier_league,9,56.1,52.8,3.3,0.09,
2019-2020,12.0,Everton,38.0,13.0,10.0,15.0,44.0,56.0,-12.0,49.0,1.29,28848.0,"Dominic Calvert-Lewin, Richarlison - 13",Jordan Pickford,,premier_league,9,50.8,48.3,2.5,0.07,
2019-2020,13.0,Newcastle Utd,38.0,11.0,11.0,16.0,38.0,58.0,-20.0,44.0,1.16,35551.0,Jonjo Shelvey - 6,Martin Dúbravka,,premier_league,9,35.5,65.6,-30.1,-0.79,
2019-2020,14.0,Crystal Palace,38.0,11.0,10.0,17.0,31.0,50.0,-19.0,43.0,1.13,19784.0,Jordan Ayew - 9,Vicente Guaita,,premier_league,9,35.8,57.0,-21.2,-0.56,
2019-2020,15.0,Brighton,38.0,9.0,14.0,15.0,39.0,54.0,-15.0,41.0,1.08,22369.0,Neal Maupay - 10,Mathew Ryan,,premier_league,9,45.4,55.0,-9.5,-0.25,
2019-2020,16.0,West Ham,38.0,10.0,9.0,19.0,49.0,62.0,-13.0,39.0,1.03,44155.0,Michail Antonio - 10,Łukasz Fabiański,,premier_league,9,48.6,63.8,-15.2,-0.4,
2019-2020,17.0,Aston Villa,38.0,9.0,8.0,21.0,41.0,67.0,-26.0,35.0,0.92,28505.0,Jack Grealish - 8,Tom Heaton,,premier_league,9,44.3,67.8,-23.5,-0.62,
2019-2020,18.0,Bournemouth,38.0,9.0,7.0,22.0,40.0,65.0,-25.0,34.0,0.89,7745.0,Callum Wilson - 8,Aaron Ramsdale,Relegated,premier_league,9,44.8,62.3,-17.5,-0.46,
2019-2020,19.0,Watford,38.0,8.0,10.0,20.0,36.0,64.0,-28.0,34.0,0.89,15353.0,Troy Deeney - 10,Ben Foster,Relegated,premier_league,9,48.9,58.1,-9.3,-0.24,
2019-2020,20.0,Norwich City,38.0,5.0,6.0,27.0,26.0,75.0,-49.0,21.0,0.55,19913.0,Teemu Pukki - 11,Tim Krul,Relegated,premier_league,9,37.0,66.5,-29.5,-0.78,
2020-2021,1.0,Manchester City,38.0,27.0,5.0,6.0,83.0,32.0,51.0,86.0,2.26,526.0,İlkay Gündoğan - 13,Ederson,→ Champions League via league finish,premier_league,9,68.2,30.2,38.0,1.0,
2020-2021,2.0,Manchester Utd,38.0,21.0,11.0,6.0,73.0,44.0,29.0,74.0,1.95,526.0,Bruno Fernandes - 18,David de Gea,→ Champions League via league finish,premier_league,9,60.1,41.4,18.6,0.49,
2020-2021,3.0,Liverpool,38.0,20.0,9.0,9.0,68.0,42.0,26.0,69.0,1.82,837.0,Mohamed Salah - 22,Alisson,→ Champions League via league finish,premier_league,9,67.5,43.0,24.5,0.65,
2020-2021,4.0,Chelsea,38.0,19.0,10.0,9.0,58.0,36.0,22.0,67.0,1.76,526.0,Jorginho - 7,Edouard Mendy,→ Champions League via league finish,premier_league,9,62.4,30.3,32.1,0.85,
2020-2021,5.0,Leicester City,38.0,20.0,6.0,12.0,68.0,50.0,18.0,66.0,1.74,421.0,Jamie Vardy - 15,Kasper Schmeichel,→ Europa League via cup win,premier_league,9,55.8,46.0,9.8,0.26,
2020-2021,6.0,West Ham,38.0,19.0,8.0,11.0,62.0,47.0,15.0,65.0,1.71,632.0,"Michail Antonio, Tomáš Souček - 10",Łukasz Fabiański,→ Europa League via league finish,premier_league,9,55.4,48.7,6.7,0.18,
2020-2021,7.0,Tottenham,38.0,18.0,8.0,12.0,68.0,45.0,23.0,62.0,1.63,632.0,Harry Kane - 23,Hugo Lloris,→ Europa Conference League via league finish 1,premier_league,9,53.1,49.1,4.0,0.1,
2020-2021,8.0,Arsenal,38.0,18.0,7.0,13.0,55.0,39.0,16.0,61.0,1.61,632.0,Alexandre Lacazette - 13,Bernd Leno,,premier_league,9,51.8,43.0,8.8,0.23,
2020-2021,9.0,Leeds United,38.0,18.0,5.0,15.0,62.0,54.0,8.0,59.0,1.55,421.0,Patrick Bamford - 17,Illan Meslier,,premier_league,9,55.6,57.9,-2.2,-0.06,
2020-2021,10.0,Everton,38.0,17.0,8.0,13.0,47.0,48.0,-1.0,59.0,1.55,368.0,Dominic Calvert-Lewin - 16,Jordan Pickford,,premier_league,9,45.7,50.1,-4.5,-0.12,
2020-2021,11.0,Aston Villa,38.0,16.0,7.0,15.0,55.0,46.0,9.0,55.0,1.45,526.0,Ollie Watkins - 14,Emiliano Martínez,,premier_league,9,52.5,51.1,1.4,0.04,
2020-2021,12.0,Newcastle Utd,38.0,12.0,9.0,17.0,46.0,62.0,-16.0,45.0,1.18,526.0,Callum Wilson - 12,Karl Darlow,,premier_league,9,43.4,58.3,-14.9,-0.39,
2020-2021,13.0,Wolves,38.0,12.0,9.0,17.0,36.0,52.0,-16.0,45.0,1.18,237.0,"Rúben Neves, Pedro Neto - 5",Rui Patrício,,premier_league,9,36.5,49.5,-13.0,-0.34,
2020-2021,14.0,Crystal Palace,38.0,12.0,8.0,18.0,41.0,66.0,-25.0,44.0,1.16,447.0,Wilfried Zaha - 11,Vicente Guaita,,premier_league,9,34.1,58.2,-24.2,-0.64,
2020-2021,15.0,Southampton,38.0,12.0,7.0,19.0,47.0,68.0,-21.0,43.0,1.13,526.0,Danny Ings - 12,Alex McCarthy,,premier_league,9,41.2,53.1,-11.8,-0.31,
2020-2021,16.0,Brighton,38.0,9.0,14.0,15.0,40.0,46.0,-6.0,41.0,1.08,523.0,Neal Maupay - 8,Robert Sánchez,,premier_league,9,50.9,35.3,15.6,0.41,
2020-2021,17.0,Burnley,38.0,10.0,9.0,19.0,33.0,55.0,-22.0,39.0,1.03,178.0,Chris Wood - 12,Nick Pope,,premier_league,9,39.3,54.7,-15.4,-0.4,
2020-2021,18.0,Fulham,38.0,5.0,13.0,20.0,27.0,53.0,-26.0,28.0,0.74,211.0,Bobby Reid - 5,Alphonse Areola,Relegated,premier_league,9,40.5,52.6,-12.1,-0.32,
2020-2021,19.0,West Brom,38.0,5.0,11.0,22.0,35.0,76.0,-41.0,26.0,0.68,283.0,Matheus Pereira - 11,Sam Johnstone,Relegated,premier_league,9,35.8,67.9,-32.0,-0.84,
2020-2021,20.0,Sheffield Utd,38.0,7.0,2.0,29.0,20.0,63.0,-43.0,23.0,0.61,263.0,David McGoldrick - 8,Aaron Ramsdale,Relegated,premier_league,9,32.6,62.2,-29.6,-0.78,
2021-2022,1.0,Manchester City,38.0,29.0,6.0,3.0,99.0,26.0,73.0,93.0,2.45,52774.0,Kevin De Bruyne - 15,Ederson,→ Champions League via league finish,premier_league,9,88.7,24.6,64.0,1.68,
2021-2022,2.0,Liverpool,38.0,28.0,8.0,2.0,94.0,26.0,68.0,92.0,2.42,53352.0,Mohamed Salah - 23,Alisson,→ Champions League via league finish,premier_league,9,88.7,33.8,54.9,1.45,
2021-2022,3.0,Chelsea,38.0,21.0,11.0,6.0,76.0,33.0,43.0,74.0,1.95,36443.0,Mason Mount - 11,Edouard Mendy,→ Champions League via league finish,premier_league,9,63.4,33.2,30.1,0.79,
2021-2022,4.0,Tottenham,38.0,22.0,5.0,11.0,69.0,40.0,29.0,71.0,1.87,56523.0,Son Heung-min - 23,Hugo Lloris,→ Champions League via league finish,premier_league,9,61.2,39.3,21.9,0.58,
2021-2022,5.0,Arsenal,38.0,22.0,3.0,13.0,61.0,48.0,13.0,69.0,1.82,59665.0,Bukayo Saka - 11,Aaron Ramsdale,→ Europa League via league finish,premier_league,9,60.5,45.7,14.9,0.39,
2021-2022,6.0,Manchester Utd,38.0,16.0,10.0,12.0,57.0,57.0,0.0,58.0,1.53,73150.0,Cristiano Ronaldo - 18,David de Gea,→ Europa League via league finish,premier_league,9,55.8,53.0,2.8,0.07,
2021-2022,7.0,West Ham,38.0,16.0,8.0,14.0,60.0,51.0,9.0,56.0,1.47,58370.0,Jarrod Bowen - 12,Łukasz Fabiański,→ Europa Conference League via league finish,premier_league,9,51.4,53.5,-2.1,-0.06,
2021-2022,8.0,Leicester City,38.0,14.0,10.0,14.0,62.0,59.0,3.0,52.0,1.37,32493.0,Jamie Vardy - 15,Kasper Schmeichel,,premier_league,9,47.8,59.3,-11.5,-0.3,
2021-2022,9.0,Brighton,38.0,12.0,15.0,11.0,42.0,44.0,-2.0,51.0,1.34,30966.0,"Leandro Trossard, Neal Maupay - 8",Robert Sánchez,,premier_league,9,46.2,42.9,3.3,0.09,
2021-2022,10.0,Wolves,38.0,15.0,6.0,17.0,38.0,43.0,-5.0,51.0,1.34,30841.0,Raúl Jiménez - 6,José Sá,,premier_league,9,37.5,56.9,-19.4,-0.51,
2021-2022,11.0,Newcastle Utd,38.0,13.0,10.0,15.0,44.0,62.0,-18.0,49.0,1.29,51487.0,Callum Wilson - 8,Martin Dúbravka,,premier_league,9,38.1,57.1,-19.0,-0.5,
2021-2022,12.0,Crystal Palace,38.0,11.0,15.0,12.0,50.0,46.0,4.0,48.0,1.26,24588.0,Wilfried Zaha - 14,Vicente Guaita,,premier_league,9,46.4,40.7,5.7,0.15,
2021-2022,13.0,Brentford,38.0,13.0,7.0,18.0,48.0,56.0,-8.0,46.0,1.21,16918.0,Ivan Toney - 12,David Raya,,premier_league,9,45.8,48.5,-2.7,-0.07,
2021-2022,14.0,Aston Villa,38.0,13.0,6.0,19.0,52.0,54.0,-2.0,45.0,1.18,41681.0,Ollie Watkins - 11,Emiliano Martínez,,premier_league,9,44.0,49.0,-4.9,-0.13,
2021-2022,15.0,Southampton,38.0,9.0,13.0,16.0,43.0,67.0,-24.0,40.0,1.05,30134.0,James Ward-Prowse - 10,Fraser Forster,,premier_league,9,44.8,60.0,-15.2,-0.4,
2021-2022,16.0,Everton,38.0,11.0,6.0,21.0,43.0,66.0,-23.0,39.0,1.03,38446.0,Richarlison - 10,Jordan Pickford,,premier_league,9,41.2,55.4,-14.2,-0.37,
2021-2022,17.0,Leeds United,38.0,9.0,11.0,18.0,42.0,79.0,-37.0,38.0,1.0,36308.0,Raphinha - 11,Illan Meslier,,premier_league,9,44.4,67.8,-23.5,-0.62,
2021-2022,18.0,Burnley,38.0,7.0,14.0,17.0,34.0,53.0,-19.0,35.0,0.92,19278.0,Maxwel Cornet - 9,Nick Pope,Relegated,premier_league,9,39.7,57.1,-17.4,-0.46,
2021-2022,19.0,Watford,38.0,6.0,5.0,27.0,34.0,77.0,-43.0,23.0,0.61,20614.0,Emmanuel Dennis - 10,Ben Foster,Relegated,premier_league,9,40.0,64.5,-24.5,-0.64,
2021-2022,20.0,Norwich City,38.0,5.0,7.0,26.0,23.0,84.0,-61.0,22.0,0.58,26836.0,Teemu Pukki - 11,Tim Krul,Relegated,premier_league,9,32.3,75.5,-43.2,-1.14,
2022-2023,1.0,Manchester City,38.0,28.0,5.0,5.0,94.0,33.0,61.0,89.0,2.34,53249.0,Erling Haaland - 36,Ederson,→ Champions League via league finish,premier_league,9,78.6,32.1,46.5,1.22,
2022-2023,2.0,Arsenal,38.0,26.0,6.0,6.0,88.0,43.0,45.0,84.0,2.21,60191.0,"Martin Ødegaard, Gabriel Martinelli - 15",Aaron Ramsdale,→ Champions League via league finish,premier_league,9,71.9,42.0,29.9,0.79,
2022-2023,3.0,Manchester Utd,38.0,23.0,6.0,9.0,58.0,43.0,15.0,75.0,1.97,73671.0,Marcus Rashford - 17,David de Gea,→ Champions League via league finish,premier_league,9,67.7,50.4,17.3,0.45,
2022-2023,4.0,Newcastle Utd,38.0,19.0,14.0,5.0,68.0,33.0,35.0,71.0,1.87,52127.0,Callum Wilson - 18,Nick Pope,→ Champions League via league finish,premier_league,9,72.0,39.6,32.4,0.85,
2022-2023,5.0,Liverpool,38.0,19.0,10.0,9.0,75.0,47.0,28.0,67.0,1.76,53163.0,Mohamed Salah - 19,Alisson,→ Europa League via league finish,premier_league,9,72.6,50.9,21.7,0.57,
2022-2023,6.0,Brighton,38.0,18.0,8.0,12.0,72.0,53.0,19.0,62.0,1.63,31477.0,Alexis Mac Allister - 10,Robert Sánchez,→ Europa League via league finish,premier_league,9,73.3,50.2,23.1,0.61,
2022-2023,7.0,Aston Villa,38.0,18.0,7.0,13.0,51.0,46.0,5.0,61.0,1.61,39485.0,Ollie Watkins - 15,Emiliano Martínez,→ Europa Conference League via league finish,premier_league,9,50.2,52.5,-2.2,-0.06,
2022-2023,8.0,Tottenham,38.0,18.0,6.0,14.0,70.0,63.0,7.0,60.0,1.58,61585.0,Harry Kane - 30,Hugo Lloris,,premier_league,9,57.0,49.6,7.4,0.2,
2022-2023,9.0,Brentford,38.0,15.0,14.0,9.0,58.0,46.0,12.0,59.0,1.55,17078.0,Ivan Toney - 20,David Raya,,premier_league,9,56.7,49.9,6.8,0.18,
2022-2023,10.0,Fulham,38.0,15.0,7.0,16.0,55.0,53.0,2.0,52.0,1.37,23746.0,Aleksandar Mitrović - 14,Bernd Leno,,premier_league,9,46.2,63.8,-17.6,-0.46,
2022-2023,11.0,Crystal Palace,38.0,11.0,12.0,15.0,40.0,49.0,-9.0,45.0,1.18,24952.0,Eberechi Eze - 10,Vicente Guaita,,premier_league,9,39.3,48.1,-8.8,-0.23,
2022-2023,12.0,Chelsea,38.0,11.0,11.0,16.0,38.0,47.0,-9.0,44.0,1.16,40002.0,Kai Havertz - 7,Kepa Arrizabalaga,,premier_league,9,49.5,52.5,-3.0,-0.08,
2022-2023,13.0,Wolves,38.0,11.0,8.0,19.0,31.0,58.0,-27.0,41.0,1.08,31482.0,"Rúben Neves, Daniel Podence - 6",José Sá,,premier_league,9,36.8,59.9,-23.1,-0.61,
2022-2023,14.0,West Ham,38.0,11.0,7.0,20.0,42.0,55.0,-13.0,40.0,1.05,62462.0,"Saïd Benrahma, Jarrod Bowen - 6",Łukasz Fabiański,,premier_league,9,49.2,53.0,-3.9,-0.1,
2022-2023,15.0,Bournemouth,38.0,11.0,6.0,21.0,37.0,71.0,-34.0,39.0,1.03,10362.0,Philip Billing - 7,Neto,,premier_league,9,38.6,63.9,-25.3,-0.67,
2022-2023,16.0,Nott'ham Forest,38.0,9.0,11.0,18.0,38.0,68.0,-30.0,38.0,1.0,29188.0,Taiwo Awoniyi - 10,Dean Henderson,,premier_league,9,39.3,64.2,-24.9,-0.66,
2022-2023,17.0,Everton,38.0,8.0,12.0,18.0,34.0,57.0,-23.0,36.0,0.95,39243.0,Dwight McNeil - 7,Jordan Pickford,,premier_league,9,45.2,65.7,-20.5,-0.54,
2022-2023,18.0,Leicester City,38.0,9.0,7.0,22.0,51.0,68.0,-17.0,34.0,0.89,31887.0,Harvey Barnes - 13,Danny Ward,Relegated,premier_league,9,50.6,63.4,-12.8,-0.34,
2022-2023,19.0,Leeds United,38.0,7.0,10.0,21.0,48.0,78.0,-30.0,31.0,0.82,36566.0,Rodrigo - 13,Illan Meslier,Relegated,premier_league,9,47.4,67.2,-19.8,-0.52,
2022-2023,20.0,Southampton,38.0,6.0,7.0,25.0,36.0,73.0,-37.0,25.0,0.66,30440.0,James Ward-Prowse - 9,Gavin Bazunu,Relegated,premier_league,9,37.7,61.0,-23.3,-0.61,
2023-2024,1.0,Manchester City,36.0,26.0,7.0,3.0,91.0,33.0,58.0,85.0,2.36,52896.0,Erling Haaland - 25,Ederson,,premier_league,9,76.2,33.6,42.7,1.18,W W W W W
2023-2024,2.0,Arsenal,36.0,26.0,5.0,5.0,88.0,28.0,60.0,83.0,2.31,60232.0,Bukayo Saka - 16,David Raya,,premier_league,9,73.4,27.4,46.0,1.24,W W W W W
2023-2024,3.0,Liverpool,36.0,23.0,9.0,4.0,81.0,38.0,43.0,78.0,2.17,55753.0,Mohamed Salah - 18,Alisson,,premier_league,9,81.5,42.1,39.4,1.09,L W L D W
2023-2024,4.0,Aston Villa,36.0,20.0,7.0,9.0,73.0,53.0,20.0,67.0,1.86,41837.0,Ollie Watkins - 19,Emiliano Martínez,,premier_league,9,59.4,55.7,3.7,0.1,D W W D L
2023-2024,5.0,Tottenham,36.0,19.0,6.0,11.0,71.0,59.0,12.0,63.0,1.75,61505.0,Son Heung-min - 17,Guglielmo Vicario,,premier_league,9,63.4,60.0,3.4,0.09,L L L L W
2023-2024,6.0,Newcastle Utd,36.0,17.0,6.0,13.0,79.0,57.0,22.0,57.0,1.58,52125.0,Alexander Isak - 20,Martin Dúbravka,,premier_league,9,70.5,58.8,11.7,0.32,W L W W D
2023-2024,7.0,Chelsea,36.0,16.0,9.0,11.0,73.0,61.0,12.0,57.0,1.58,39513.0,Cole Palmer - 21,Đorđe Petrović,,premier_league,9,71.8,54.6,17.2,0.48,L D W W W
2023-2024,8.0,Manchester Utd,35.0,16.0,6.0,13.0,52.0,55.0,-3.0,54.0,1.54,73530.0,Bruno Fernandes - 10,André Onana,,premier_league,9,53.8,65.2,-11.4,-0.32,D W D L L
2023-2024,9.0,West Ham,37.0,14.0,10.0,13.0,59.0,71.0,-12.0,52.0,1.41,59279.0,Jarrod Bowen - 16,Alphonse Areola,,premier_league,9,52.0,69.2,-17.2,-0.47,L L D L W
2023-2024,10.0,Brighton,36.0,12.0,12.0,12.0,54.0,58.0,-4.0,48.0,1.33,32760.0,João Pedro - 9,Bart Verbruggen,,premier_league,9,53.8,52.6,1.3,0.03,D L L W D
2023-2024,11.0,Bournemouth,37.0,13.0,9.0,15.0,53.0,65.0,-12.0,48.0,1.3,11103.0,Dominic Solanke - 19,Neto,,premier_league,9,53.7,57.0,-3.2,-0.09,L W W L L
2023-2024,12.0,Crystal Palace,37.0,12.0,10.0,15.0,52.0,58.0,-6.0,46.0,1.24,24918.0,Jean-Philippe Mateta - 13,Sam Johnstone,,premier_league,9,46.0,51.1,-5.1,-0.14,W W D W W
2023-2024,13.0,Wolves,37.0,13.0,7.0,17.0,50.0,63.0,-13.0,46.0,1.24,31029.0,"Hwang Hee-chan, Matheus Cunha - 12",José Sá,,premier_league,9,46.2,63.2,-17.0,-0.46,L L W L L
2023-2024,14.0,Fulham,37.0,12.0,8.0,17.0,51.0,59.0,-8.0,44.0,1.19,24302.0,Rodrigo Muniz - 9,Bernd Leno,,premier_league,9,49.7,60.9,-11.2,-0.3,W L D D L
2023-2024,15.0,Everton,37.0,13.0,9.0,15.0,39.0,49.0,-10.0,42.0,1.14,39042.0,"Abdoulaye Doucouré, Dominic Calvert-Lewin - 7",Jordan Pickford,6-point deduction 1,premier_league,9,53.4,52.3,1.1,0.03,W W W D W
2023-2024,16.0,Brentford,37.0,10.0,9.0,18.0,54.0,61.0,-7.0,39.0,1.05,17080.0,Yoane Wissa - 11,Mark Flekken,,premier_league,9,57.1,52.6,4.5,0.12,W W L D W
2023-2024,17.0,Nott'ham Forest,37.0,8.0,9.0,20.0,47.0,66.0,-19.0,29.0,0.78,29386.0,Chris Wood - 12,Matt Turner,4-point deduction 2,premier_league,9,48.3,52.0,-3.7,-0.1,D L L W L
2023-2024,18.0,Luton Town,37.0,6.0,8.0,23.0,50.0,81.0,-31.0,26.0,0.7,11196.0,"Carlton Morris, Elijah Adebayo - 10",Thomas Kaminski,,premier_league,9,40.4,76.9,-36.5,-0.99,L L L D L
2023-2024,19.0,Burnley,37.0,5.0,9.0,23.0,40.0,76.0,-36.0,24.0,0.65,21188.0,Jacob Bruun Larsen - 6,James Trafford,,premier_league,9,39.4,68.7,-29.2,-0.79,D W D L L
2023-2024,20.0,Sheffield Utd,37.0,3.0,7.0,27.0,35.0,101.0,-66.0,16.0,0.43,30061.0,"Oliver McBurnie, Ben Brereton - 6",Wes Foderingham,,premier_league,9,37.3,73.5,-36.3,-0.98,L L L L L
